,DAY_OF_WEEK,DEP_DELAY,FL_DATE,year,Week_Number
0,4,9.610896960711639,2015-01-01,2015,1
1,5,12.649745269286754,2015-01-02,2015,1
2,6,25.168418964491174,2015-01-03,2015,1
3,7,31.567859384808536,2015-01-04,2015,1
4,1,21.116838062197992,2015-01-05,2015,2
5,2,22.486405036163944,2015-01-06,2015,2
6,3,14.522800130847235,2015-01-07,2015,2
7,4,16.40372752329702,2015-01-08,2015,2
8,5,15.368481964894233,2015-01-09,2015,2
9,6,8.200148014143574,2015-01-10,2015,2
10,7,13.62740201179327,2015-01-11,2015,2
11,1,19.573838298972404,2015-01-12,2015,3
12,2,6.6290516206482595,2015-01-13,2015,3
13,3,4.2912324127149555,2015-01-14,2015,3
14,4,6.418142982786782,2015-01-15,2015,3
15,5,5.738964849847037,2015-01-16,2015,3
16,6,2.163192425878249,2015-01-17,2015,3
17,7,5.652047421630664,2015-01-18,2015,3
18,1,3.8619488089204257,2015-01-19,2015,4
19,2,2.91999470163587,2015-01-20,2015,4
20,3,5.369192836750584,2015-01-21,2015,4
21,4,4.48030407740152,2015-01-22,2015,4
22,5,3.982948846539619,2015-01-23,2015,4
23,6,3.8479377174093092,2015-01-24,2015,4
24,7,4.4369505494505495,2015-01-25,2015,4
25,1,5.60995038781357,2015-01-26,2015,5
26,2,-0.15888535810315327,2015-01-27,2015,5
27,3,1.6852891444031113,2015-01-28,2015,5
28,4,3.838232528987778,2015-01-29,2015,5
29,5,10.098898347521281,2015-01-30,2015,5
30,6,3.5151108126259234,2015-01-31,2015,5
31,7,13.890420519979061,2015-02-01,2015,5
32,1,19.542574107683002,2015-02-02,2015,6
33,2,11.390668953687822,2015-02-03,2015,6
34,3,10.143700400078703,2015-02-04,2015,6
35,4,14.661002874480996,2015-02-05,2015,6
36,5,6.705569620253165,2015-02-06,2015,6
37,6,1.977384464110128,2015-02-07,2015,6
38,7,8.583876621100595,2015-02-08,2015,6
39,1,9.18470684706847,2015-02-09,2015,7
40,2,3.2340496529631606,2015-02-10,2015,7
41,3,2.5147428866378476,2015-02-11,2015,7
42,4,6.980450018443379,2015-02-12,2015,7
43,5,8.25173463177115,2015-02-13,2015,7
44,6,9.281773399014778,2015-02-14,2015,7
45,7,11.033277104738538,2015-02-15,2015,7
46,1,19.859543896651726,2015-02-16,2015,8
47,2,18.773901044746697,2015-02-17,2015,8
48,3,10.404151860856555,2015-02-18,2015,8
49,4,11.601068074396906,2015-02-19,2015,8
50,5,12.693381944015325,2015-02-20,2015,8
51,6,13.826304384064011,2015-02-21,2015,8
52,7,19.689602658175275,2015-02-22,2015,8
53,1,13.930212483399734,2015-02-23,2015,9
54,2,15.453470708671817,2015-02-24,2015,9
55,3,11.304220281352091,2015-02-25,2015,9
56,4,21.199502677888294,2015-02-26,2015,9
57,5,13.996626137882743,2015-02-27,2015,9
58,6,12.79849854973554,2015-02-28,2015,9
59,7,25.702982571282725,2015-03-01,2015,9
60,1,20.68293910417715,2015-03-02,2015,10
61,2,19.518435162507448,2015-03-03,2015,10
62,3,12.087086687512475,2015-03-04,2015,10
63,4,20.87771817918237,2015-03-05,2015,10
64,5,17.234289238359544,2015-03-06,2015,10
65,6,7.474989372254499,2015-03-07,2015,10
66,7,7.951440534966564,2015-03-08,2015,10
67,1,7.518029850746268,2015-03-09,2015,11
68,2,5.608374838590666,2015-03-10,2015,11
69,3,6.476563913856548,2015-03-11,2015,11
70,4,6.982098546614676,2015-03-12,2015,11
71,5,6.534581199599741,2015-03-13,2015,11
72,6,7.341344138605561,2015-03-14,2015,11
73,7,8.831564489948807,2015-03-15,2015,11
74,1,3.5695128463774997,2015-03-16,2015,12
75,2,6.0490989334314085,2015-03-17,2015,12
76,3,5.725523417644923,2015-03-18,2015,12
77,4,4.751418104467029,2015-03-19,2015,12
78,5,12.41051093112478,2015-03-20,2015,12
79,6,8.006878641117428,2015-03-21,2015,12
80,7,6.517942658125505,2015-03-22,2015,12
81,1,20.464261486278136,2015-03-23,2015,13
82,2,4.920994475138121,2015-03-24,2015,13
83,3,7.981741741741741,2015-03-25,2015,13
84,4,11.37456942629766,2015-03-26,2015,13
85,5,10.563212282255684,2015-03-27,2015,13
86,6,6.365739118244901,2015-03-28,2015,13
87,7,5.27183317771553,2015-03-29,2015,13
88,1,6.3120668206859785,2015-03-30,2015,14
89,2,3.4738728885648316,2015-03-31,2015,14
90,3,4.802346462348857,2015-04-01,2015,14
91,4,7.794032152814855,2015-04-02,2015,14
92,5,7.83919507971577,2015-04-03,2015,14
93,6,5.659917233224948,2015-04-04,2015,14
94,7,3.8875533152384647,2015-04-05,2015,14
95,1,3.7752250118427284,2015-04-06,2015,15
96,2,5.247264232140662,2015-04-07,2015,15
97,3,9.727069621399673,2015-04-08,2015,15
98,4,22.566229079823305,2015-04-09,2015,15
99,5,19.219721522026166,2015-04-10,2015,15
100,6,5.483633633633634,2015-04-11,2015,15
101,7,4.96207609853946,2015-04-12,2015,15
102,1,12.710996212348945,2015-04-13,2015,16
103,2,4.994573930201011,2015-04-14,2015,16
104,3,5.198453919555502,2015-04-15,2015,16
105,4,10.265564903846155,2015-04-16,2015,16
106,5,10.277540203577667,2015-04-17,2015,16
107,6,5.18588446841987,2015-04-18,2015,16
108,7,7.073627340118105,2015-04-19,2015,16
109,1,16.528397191080447,2015-04-20,2015,17
110,2,4.510568603213844,2015-04-21,2015,17
111,3,3.8225816184901333,2015-04-22,2015,17
112,4,5.418025955470889,2015-04-23,2015,17
113,5,13.691495741873576,2015-04-24,2015,17
114,6,8.726577724479089,2015-04-25,2015,17
115,7,4.561519561519561,2015-04-26,2015,17
116,1,7.356060606060606,2015-04-27,2015,18
117,2,3.131891094585459,2015-04-28,2015,18
118,3,1.6401423745173744,2015-04-29,2015,18
119,4,4.371568101959383,2015-04-30,2015,18
120,5,3.4048919496556636,2015-05-01,2015,18
121,6,2.0306849726161,2015-05-02,2015,18
122,7,5.107748336054251,2015-05-03,2015,18
123,1,6.098527746319366,2015-05-04,2015,19
124,2,3.489578224619912,2015-05-05,2015,19
125,3,5.740853103573812,2015-05-06,2015,19
126,4,5.297010321509076,2015-05-07,2015,19
127,5,11.84541837401271,2015-05-08,2015,19
128,6,10.614612295335187,2015-05-09,2015,19
129,7,16.45824382384533,2015-05-10,2015,19
130,1,15.92159807750075,2015-05-11,2015,20
131,2,5.203241216665659,2015-05-12,2015,20
132,3,5.704965219477093,2015-05-13,2015,20
133,4,6.361243877972503,2015-05-14,2015,20
134,5,7.855543113101904,2015-05-15,2015,20
135,6,4.820639556653935,2015-05-16,2015,20
136,7,11.354588161603507,2015-05-17,2015,20
137,1,20.891770752405428,2015-05-18,2015,21
138,2,12.078260869565218,2015-05-19,2015,21
139,3,8.84676842356308,2015-05-20,2015,21
140,4,10.191284001169933,2015-05-21,2015,21
141,5,6.275264790215928,2015-05-22,2015,21
142,6,5.320217729393468,2015-05-23,2015,21
143,7,3.033295238095238,2015-05-24,2015,21
144,1,11.162099724058269,2015-05-25,2015,22
145,2,20.344318529862175,2015-05-26,2015,22
146,3,19.953478394115844,2015-05-27,2015,22
147,4,9.555575273587696,2015-05-28,2015,22
148,5,8.796806623299823,2015-05-29,2015,22
149,6,8.163465866466616,2015-05-30,2015,22
150,7,18.147254839733417,2015-05-31,2015,22
151,1,17.500394106590676,2015-06-01,2015,23
152,2,10.432522190688967,2015-06-02,2015,23
153,3,5.25972546904034,2015-06-03,2015,23
154,4,6.299825072886297,2015-06-04,2015,23
155,5,9.476834314353983,2015-06-05,2015,23
156,6,4.235969297936765,2015-06-06,2015,23
157,7,9.441180033922947,2015-06-07,2015,23
158,1,15.48774989618556,2015-06-08,2015,24
159,2,16.860925572519083,2015-06-09,2015,24
160,3,12.199752883031302,2015-06-10,2015,24
161,4,13.521830370154474,2015-06-11,2015,24
162,5,14.184790830278699,2015-06-12,2015,24
163,6,11.064513926815948,2015-06-13,2015,24
164,7,13.498183579559216,2015-06-14,2015,24
165,1,24.46722720019639,2015-06-15,2015,25
166,2,20.50523287838913,2015-06-16,2015,25
167,3,22.989208416229577,2015-06-17,2015,25
168,4,23.052837003378773,2015-06-18,2015,25
169,5,14.5000577700751,2015-06-19,2015,25
170,6,13.645314109165808,2015-06-20,2015,25
171,7,13.190937727162588,2015-06-21,2015,25
172,1,14.490104911778731,2015-06-22,2015,26
173,2,17.819015846538782,2015-06-23,2015,26
174,3,16.504978495257173,2015-06-24,2015,26
175,4,12.86819367932734,2015-06-25,2015,26
176,5,14.653119037983465,2015-06-26,2015,26
177,6,15.750579729914064,2015-06-27,2015,26
178,7,12.403846153846153,2015-06-28,2015,26
179,1,7.970237044879713,2015-06-29,2015,27
180,2,14.156440224007792,2015-06-30,2015,27
181,3,16.697592658801096,2015-07-01,2015,27
182,4,11.985345026540504,2015-07-02,2015,27
183,5,8.205096588573777,2015-07-03,2015,27
184,6,1.4625218357948229,2015-07-04,2015,27
185,7,6.902311303719754,2015-07-05,2015,27
186,1,13.134548409565824,2015-07-06,2015,28
187,2,13.076389705018215,2015-07-07,2015,28
188,3,19.965159854783934,2015-07-08,2015,28
189,4,11.424110258199581,2015-07-09,2015,28
190,5,6.894315498473766,2015-07-10,2015,28
191,6,4.966428955866523,2015-07-11,2015,28
192,7,7.191011908323858,2015-07-12,2015,28
193,1,19.140468227424748,2015-07-13,2015,29
194,2,18.6496449704142,2015-07-14,2015,29
195,3,17.4562617260788,2015-07-15,2015,29
196,4,8.211060492474482,2015-07-16,2015,29
197,5,8.8621026613784,2015-07-17,2015,29
198,6,23.864630312969798,2015-07-18,2015,29
199,7,13.30166756968274,2015-07-19,2015,29
200,1,8.80086880973067,2015-07-20,2015,30
201,2,12.122204005152827,2015-07-21,2015,30
202,3,8.092813500145475,2015-07-22,2015,30
203,4,11.366928044280442,2015-07-23,2015,30
204,5,8.778354978354978,2015-07-24,2015,30
205,6,7.329735563950351,2015-07-25,2015,30
206,7,7.22701407607068,2015-07-26,2015,30
207,1,7.324503693444137,2015-07-27,2015,31
208,2,8.963055912221314,2015-07-28,2015,31
209,3,8.839290903807033,2015-07-29,2015,31
210,4,17.46020640195907,2015-07-30,2015,31
211,5,13.097418721487555,2015-07-31,2015,31
212,6,15.130255508990132,2015-08-01,2015,31
213,7,11.12650858147856,2015-08-02,2015,31
214,1,11.122998670597076,2015-08-03,2015,32
215,2,9.826324349442379,2015-08-04,2015,32
216,3,7.966365112502899,2015-08-05,2015,32
217,4,10.028952973004087,2015-08-06,2015,32
218,5,10.624547907457375,2015-08-07,2015,32
219,6,7.409485368314834,2015-08-08,2015,32
220,7,8.48599890663913,2015-08-09,2015,32
221,1,16.34553302193579,2015-08-10,2015,33
222,2,18.639233707328717,2015-08-11,2015,33
223,3,6.560433732099711,2015-08-12,2015,33
224,4,10.413265009025796,2015-08-13,2015,33
225,5,10.956943074334127,2015-08-14,2015,33
226,6,16.94490102193954,2015-08-15,2015,33
227,7,10.247719255565016,2015-08-16,2015,33
228,1,14.042165477383971,2015-08-17,2015,34
229,2,11.739095662872963,2015-08-18,2015,34
230,3,12.465221098794007,2015-08-19,2015,34
231,4,25.71504587155963,2015-08-20,2015,34
232,5,11.033584525010385,2015-08-21,2015,34
233,6,4.649593677775292,2015-08-22,2015,34
234,7,12.452040175768989,2015-08-23,2015,34
235,1,6.130188454198473,2015-08-24,2015,35
236,2,5.413525091799266,2015-08-25,2015,35
237,3,4.089682299546142,2015-08-26,2015,35
238,4,3.648367334800452,2015-08-27,2015,35
239,5,2.4798482693219537,2015-08-28,2015,35
240,6,2.367838739011822,2015-08-29,2015,35
241,7,3.1691936814058237,2015-08-30,2015,35
242,1,5.448537766879971,2015-08-31,2015,36
243,2,0.5863922877271042,2015-09-01,2015,36
244,3,3.1026315789473684,2015-09-02,2015,36
245,4,7.355360553963706,2015-09-03,2015,36
246,5,12.04440582489363,2015-09-04,2015,36
247,6,3.9164156626506026,2015-09-05,2015,36
248,7,0.6502021723618489,2015-09-06,2015,36
249,1,2.3379947398806853,2015-09-07,2015,37
250,2,12.155145051736177,2015-09-08,2015,37
251,3,5.44493765911613,2015-09-09,2015,37
252,4,15.556747967479675,2015-09-10,2015,37
253,5,5.230111642743221,2015-09-11,2015,37
254,6,3.5661866406313565,2015-09-12,2015,37
255,7,5.498811435913909,2015-09-13,2015,37
256,1,3.4629459077792104,2015-09-14,2015,38
257,2,2.391276418063853,2015-09-15,2015,38
258,3,3.121891942419144,2015-09-16,2015,38
259,4,9.97949747520837,2015-09-17,2015,38
260,5,7.745068192888456,2015-09-18,2015,38
261,6,3.4557235421166306,2015-09-19,2015,38
262,7,3.2668071250718254,2015-09-20,2015,38
263,1,4.217489198563865,2015-09-21,2015,39
264,2,0.9822701869338987,2015-09-22,2015,39
265,3,0.924409844299347,2015-09-23,2015,39
266,4,2.245594913714805,2015-09-24,2015,39
267,5,4.895556628833615,2015-09-25,2015,39
268,6,2.1934260429835652,2015-09-26,2015,39
269,7,4.208412517420499,2015-09-27,2015,39
270,1,3.7279946653734237,2015-09-28,2015,40
271,2,3.1472524689794885,2015-09-29,2015,40
272,3,4.910813138147374,2015-09-30,2015,40
273,4,7.644202898550724,2015-10-01,2015,40
274,5,9.733551634224728,2015-10-02,2015,40
275,6,4.378205128205129,2015-10-03,2015,40
276,7,4.715011752747602,2015-10-04,2015,40
277,1,4.458774423809812,2015-10-05,2015,41
278,2,1.6630164260826281,2015-10-06,2015,41
279,3,2.1610496054804575,2015-10-07,2015,41
280,4,3.5259552992069216,2015-10-08,2015,41
281,5,10.239261947973382,2015-10-09,2015,41
282,6,5.327944392377382,2015-10-10,2015,41
283,7,5.413828164717844,2015-10-11,2015,41
284,1,1.9328151361773922,2015-10-12,2015,42
285,2,1.2963216105380888,2015-10-13,2015,42
286,3,1.9031469599755575,2015-10-14,2015,42
287,4,4.089664284427362,2015-10-15,2015,42
288,5,6.49746192893401,2015-10-16,2015,42
289,6,1.8283893303957826,2015-10-17,2015,42
290,7,6.41738910333481,2015-10-18,2015,42
291,1,3.7524298219136734,2015-10-19,2015,43
292,2,0.9582555679980093,2015-10-20,2015,43
293,3,2.0577310770358603,2015-10-21,2015,43
294,4,5.301715255470029,2015-10-22,2015,43
295,5,14.258426966292134,2015-10-23,2015,43
296,6,5.733180850224781,2015-10-24,2015,43
297,7,4.7657588543664495,2015-10-25,2015,43
298,1,4.821075007591862,2015-10-26,2015,44
299,2,1.5215556421243994,2015-10-27,2015,44
300,3,7.982412221580333,2015-10-28,2015,44
301,4,5.39398773006135,2015-10-29,2015,44
302,5,5.92005556958828,2015-10-30,2015,44
303,6,9.48370319001387,2015-10-31,2015,44
304,7,7.426204238921002,2015-11-01,2015,44
305,1,10.348776330208207,2015-11-02,2015,45
306,2,2.959582542694497,2015-11-03,2015,45
307,3,5.318745756434788,2015-11-04,2015,45
308,4,9.836579427875837,2015-11-05,2015,45
309,5,8.057689969604864,2015-11-06,2015,45
310,6,2.363985575415491,2015-11-07,2015,45
311,7,4.072683144919205,2015-11-08,2015,45
312,1,4.406204379562044,2015-11-09,2015,46
313,2,4.252039663612401,2015-11-10,2015,46
314,3,5.8345967441282465,2015-11-11,2015,46
315,4,6.261391177896267,2015-11-12,2015,46
316,5,4.408590441621294,2015-11-13,2015,46
317,6,1.485864202365103,2015-11-14,2015,46
318,7,5.052291759892603,2015-11-15,2015,46
319,1,6.646545365134005,2015-11-16,2015,47
320,2,13.32866420476251,2015-11-17,2015,47
321,3,18.2158940397351,2015-11-18,2015,47
322,4,11.611741038771031,2015-11-19,2015,47
323,5,8.53557192897693,2015-11-20,2015,47
324,6,18.558704453441294,2015-11-21,2015,47
325,7,12.938556589042026,2015-11-22,2015,47
326,1,3.7349528397910023,2015-11-23,2015,48
327,2,4.768909917201021,2015-11-24,2015,48
328,3,0.8650636999820563,2015-11-25,2015,48
329,4,1.0974445659739485,2015-11-26,2015,48
330,5,3.5606048734623523,2015-11-27,2015,48
331,6,6.495663567729457,2015-11-28,2015,48
332,7,6.626241296655633,2015-11-29,2015,48
333,1,7.6006032647267565,2015-11-30,2015,49
334,2,7.583301587301587,2015-12-01,2015,49
335,3,8.357274401473296,2015-12-02,2015,49
336,4,6.422318392581143,2015-12-03,2015,49
337,5,1.8610596517228604,2015-12-04,2015,49
338,6,1.8840925941181317,2015-12-05,2015,49
339,7,4.259246961949665,2015-12-06,2015,49
340,1,5.895134862616587,2015-12-07,2015,50
341,2,0.35851488977697565,2015-12-08,2015,50
342,3,1.128981194199962,2015-12-09,2015,50
343,4,4.406080414405525,2015-12-10,2015,50
344,5,3.6241069228874108,2015-12-11,2015,50
345,6,3.8213547266561907,2015-12-12,2015,50
346,7,7.657116204690832,2015-12-13,2015,50
347,1,11.400365976779405,2015-12-14,2015,51
348,2,9.971824480369515,2015-12-15,2015,51
349,3,6.402332543345391,2015-12-16,2015,51
350,4,11.157725452117976,2015-12-17,2015,51
351,5,14.05698573845782,2015-12-18,2015,51
352,6,10.553162486368594,2015-12-19,2015,51
353,7,10.495175215845608,2015-12-20,2015,51
354,1,14.837908172749241,2015-12-21,2015,52
355,2,16.030434513109775,2015-12-22,2015,52
356,3,22.947229389359872,2015-12-23,2015,52
357,4,22.02699593527111,2015-12-24,2015,52
358,5,8.115627750660158,2015-12-25,2015,52
359,6,17.036895929416485,2015-12-26,2015,52
360,7,31.05494220028575,2015-12-27,2015,52
361,1,29.0248119772264,2015-12-28,2015,53
362,2,32.300154619250094,2015-12-29,2015,53
363,3,30.44473634828298,2015-12-30,2015,53
364,4,8.454364927824027,2015-12-31,2015,53
0,5,6.784033937524104,2016-01-01,2016,53
1,6,9.11177819751754,2016-01-02,2016,53
2,7,12.323874073604864,2016-01-03,2016,53
3,1,11.228355607205113,2016-01-04,2016,1
4,2,12.498644421272159,2016-01-05,2016,1
5,3,10.40253269669919,2016-01-06,2016,1
6,4,6.121183904223479,2016-01-07,2016,1
7,5,9.66024448578262,2016-01-08,2016,1
8,6,6.844305209853231,2016-01-09,2016,1
9,7,17.208583194855862,2016-01-10,2016,1
10,1,8.095547740694048,2016-01-11,2016,2
11,2,5.009050086355786,2016-01-12,2016,2
12,3,6.199945666938332,2016-01-13,2016,2
13,4,6.241943969485729,2016-01-14,2016,2
14,5,10.267722720429404,2016-01-15,2016,2
15,6,8.885378590078329,2016-01-16,2016,2
16,7,8.079339227547697,2016-01-17,2016,2
17,1,10.569690118366804,2016-01-18,2016,3
18,2,7.508893349020694,2016-01-19,2016,3
19,3,4.406936416184971,2016-01-20,2016,3
20,4,6.688959240205778,2016-01-21,2016,3
21,5,13.994475562034834,2016-01-22,2016,3
22,6,10.891568981064022,2016-01-23,2016,3
23,7,7.0275628206242935,2016-01-24,2016,3
24,1,7.495395430579965,2016-01-25,2016,4
25,2,3.0280321171996056,2016-01-26,2016,4
26,3,1.3985039102346142,2016-01-27,2016,4
27,4,3.1096808091422568,2016-01-28,2016,4
28,5,4.470093887466351,2016-01-29,2016,4
29,6,1.208558442672155,2016-01-30,2016,4
30,7,5.178792513291093,2016-01-31,2016,4
31,1,2.0560180131004366,2016-02-01,2016,5
32,2,9.727330915297632,2016-02-02,2016,5
33,3,6.814695610490995,2016-02-03,2016,5
34,4,3.377716499244961,2016-02-04,2016,5
35,5,15.117466256848857,2016-02-05,2016,5
36,6,1.337568058076225,2016-02-06,2016,5
37,7,0.827962200145384,2016-02-07,2016,5
38,1,6.928237763184619,2016-02-08,2016,6
39,2,6.647740681613104,2016-02-09,2016,6
40,3,2.7973428648502834,2016-02-10,2016,6
41,4,5.368571058427257,2016-02-11,2016,6
42,5,6.6687898089171975,2016-02-12,2016,6
43,6,6.387470804137471,2016-02-13,2016,6
44,7,15.909987205539249,2016-02-14,2016,6
45,1,22.3251655177121,2016-02-15,2016,7
46,2,22.389498485358466,2016-02-16,2016,7
47,3,6.117293332452257,2016-02-17,2016,7
48,4,7.783448543187545,2016-02-18,2016,7
49,5,11.89686565223046,2016-02-19,2016,7
50,6,1.740668136894552,2016-02-20,2016,7
51,7,3.248853051577923,2016-02-21,2016,7
52,1,4.1481744291059215,2016-02-22,2016,8
53,2,3.9091937953531724,2016-02-23,2016,8
54,3,20.262365284419385,2016-02-24,2016,8
55,4,9.144890630101209,2016-02-25,2016,8
56,5,4.892728210417741,2016-02-26,2016,8
57,6,2.6627649995907343,2016-02-27,2016,8
58,7,1.9420793110632684,2016-02-28,2016,8
59,1,2.1696699606019507,2016-02-29,2016,9
60,2,9.592768147345613,2016-03-01,2016,9
61,3,4.030443285528031,2016-03-02,2016,9
62,4,6.357591125198098,2016-03-03,2016,9
63,5,9.596964693929388,2016-03-04,2016,9
64,6,4.654619398403929,2016-03-05,2016,9
65,7,5.583006889099014,2016-03-06,2016,9
66,1,5.1091924834941596,2016-03-07,2016,10
67,2,8.714729194187582,2016-03-08,2016,10
68,3,12.07683741648107,2016-03-09,2016,10
69,4,11.428840597914835,2016-03-10,2016,10
70,5,10.989861058956064,2016-03-11,2016,10
71,6,7.447222427694356,2016-03-12,2016,10
72,7,9.647862349773428,2016-03-13,2016,10
73,1,9.59855436832181,2016-03-14,2016,11
74,2,4.252758532204259,2016-03-15,2016,11
75,3,5.488253968253968,2016-03-16,2016,11
76,4,9.004961855734045,2016-03-17,2016,11
77,5,8.922785439184992,2016-03-18,2016,11
78,6,9.666765074913277,2016-03-19,2016,11
79,7,6.170681170681171,2016-03-20,2016,11
80,1,9.489978704747589,2016-03-21,2016,12
81,2,3.633147113594041,2016-03-22,2016,12
82,3,5.5440599848662035,2016-03-23,2016,12
83,4,17.939673124250646,2016-03-24,2016,12
84,5,11.126023629430518,2016-03-25,2016,12
85,6,13.33802399644497,2016-03-26,2016,12
86,7,5.741386086728678,2016-03-27,2016,12
87,1,8.446117323670894,2016-03-28,2016,13
88,2,5.250401903414572,2016-03-29,2016,13
89,3,8.272605363984674,2016-03-30,2016,13
90,4,10.840140315710348,2016-03-31,2016,13
91,5,12.300726908133852,2016-04-01,2016,13
92,6,18.382676927719935,2016-04-02,2016,13
93,7,10.733346485171303,2016-04-03,2016,13
94,1,9.391181458451102,2016-04-04,2016,14
95,2,4.018864317124466,2016-04-05,2016,14
96,3,2.6023166023166024,2016-04-06,2016,14
97,4,11.279862628785514,2016-04-07,2016,14
98,5,9.277418552598856,2016-04-08,2016,14
99,6,7.750190114068441,2016-04-09,2016,14
100,7,7.3175746464117335,2016-04-10,2016,14
101,1,5.428891516773511,2016-04-11,2016,15
102,2,2.0155347284632175,2016-04-12,2016,15
103,3,1.2611836269167407,2016-04-13,2016,15
104,4,1.9352933863749378,2016-04-14,2016,15
105,5,4.2406117881124095,2016-04-15,2016,15
106,6,2.0658364466583645,2016-04-16,2016,15
107,7,11.87687728318225,2016-04-17,2016,15
108,1,6.823137254901961,2016-04-18,2016,16
109,2,1.409605423035109,2016-04-19,2016,16
110,3,1.3388199544188402,2016-04-20,2016,16
111,4,5.746923555003107,2016-04-21,2016,16
112,5,6.0367017978921265,2016-04-22,2016,16
113,6,2.0485915492957747,2016-04-23,2016,16
114,7,2.0100105374077977,2016-04-24,2016,16
115,1,2.232729084906248,2016-04-25,2016,17
116,2,6.508769683779286,2016-04-26,2016,17
117,3,6.404371584699454,2016-04-27,2016,17
118,4,5.93134513824169,2016-04-28,2016,17
119,5,11.698413705583757,2016-04-29,2016,17
120,6,9.650568181818182,2016-04-30,2016,17
121,7,12.462948312236287,2016-05-01,2016,17
122,1,10.651547292238583,2016-05-02,2016,18
123,2,4.420036940322272,2016-05-03,2016,18
124,3,11.352303694784206,2016-05-04,2016,18
125,4,7.077166232800297,2016-05-05,2016,18
126,5,11.117300415606973,2016-05-06,2016,18
127,6,4.398968663228877,2016-05-07,2016,18
128,7,4.650266311584554,2016-05-08,2016,18
129,1,5.234791756915651,2016-05-09,2016,19
130,2,4.060689655172414,2016-05-10,2016,19
131,3,7.081165975625079,2016-05-11,2016,19
132,4,8.71090135110124,2016-05-12,2016,19
133,5,6.246970535769207,2016-05-13,2016,19
134,6,6.637523335407592,2016-05-14,2016,19
135,7,6.492888830897703,2016-05-15,2016,19
136,1,5.879657044164817,2016-05-16,2016,20
137,2,4.153109148976141,2016-05-17,2016,20
138,3,3.689687441512259,2016-05-18,2016,20
139,4,8.714126807563959,2016-05-19,2016,20
140,5,8.173369464802612,2016-05-20,2016,20
141,6,3.1016146561093,2016-05-21,2016,20
142,7,3.0231517509727626,2016-05-22,2016,20
143,1,6.46409214092141,2016-05-23,2016,21
144,2,5.6292527623447155,2016-05-24,2016,21
145,3,8.824486462717507,2016-05-25,2016,21
146,4,16.40388875215358,2016-05-26,2016,21
147,5,15.611571277324531,2016-05-27,2016,21
148,6,5.7396482813749,2016-05-28,2016,21
149,7,2.601951600312256,2016-05-29,2016,21
150,1,3.067235159068547,2016-05-30,2016,22
151,2,13.832373599949376,2016-05-31,2016,22
152,3,8.038451888094341,2016-06-01,2016,22
153,4,15.69104067881208,2016-06-02,2016,22
154,5,8.879941075374417,2016-06-03,2016,22
155,6,5.624289881774912,2016-06-04,2016,22
156,7,13.602208886619,2016-06-05,2016,22
157,1,7.580003648969166,2016-06-06,2016,23
158,2,7.309586848100486,2016-06-07,2016,23
159,3,7.748248309772587,2016-06-08,2016,23
160,4,7.976884482140724,2016-06-09,2016,23
161,5,8.86749211262575,2016-06-10,2016,23
162,6,8.386608015640274,2016-06-11,2016,23
163,7,14.423307086614173,2016-06-12,2016,23
164,1,15.785757465844517,2016-06-13,2016,24
165,2,18.411081923147414,2016-06-14,2016,24
166,3,10.609022104757328,2016-06-15,2016,24
167,4,15.614360266330754,2016-06-16,2016,24
168,5,13.314346997140133,2016-06-17,2016,24
169,6,10.569068859771397,2016-06-18,2016,24
170,7,7.178929145542228,2016-06-19,2016,24
171,1,7.740133143128864,2016-06-20,2016,25
172,2,14.630357797044816,2016-06-21,2016,25
173,3,10.914672026310981,2016-06-22,2016,25
174,4,22.835279248916706,2016-06-23,2016,25
175,5,12.299315679857186,2016-06-24,2016,25
176,6,7.945295100222717,2016-06-25,2016,25
177,7,14.11075910050938,2016-06-26,2016,25
178,1,10.270395992366412,2016-06-27,2016,26
179,2,21.698470682929848,2016-06-28,2016,26
180,3,9.194276744747645,2016-06-29,2016,26
181,4,11.715336762770667,2016-06-30,2016,26
182,5,21.47754759908993,2016-07-01,2016,26
183,6,10.145051804215791,2016-07-02,2016,26
184,7,3.598393272768226,2016-07-03,2016,26
185,1,3.4808556925308194,2016-07-04,2016,27
186,2,16.27628494138864,2016-07-05,2016,27
187,3,18.101829085457272,2016-07-06,2016,27
188,4,10.968167376056591,2016-07-07,2016,27
189,5,16.2789616661636,2016-07-08,2016,27
190,6,9.957038071952498,2016-07-09,2016,27
191,7,7.729057672185634,2016-07-10,2016,27
192,1,8.256127886323268,2016-07-11,2016,28
193,2,6.4233921627280886,2016-07-12,2016,28
194,3,17.43167777104785,2016-07-13,2016,28
195,4,15.7141058689527,2016-07-14,2016,28
196,5,13.616250148051641,2016-07-15,2016,28
197,6,8.775972222222222,2016-07-16,2016,28
198,7,9.702217267434659,2016-07-17,2016,28
199,1,18.05386416861827,2016-07-18,2016,29
200,2,12.304836963061003,2016-07-19,2016,29
201,3,18.100802469135804,2016-07-20,2016,29
202,4,28.478713339640493,2016-07-21,2016,29
203,5,21.541247237908177,2016-07-22,2016,29
204,6,16.85436756528472,2016-07-23,2016,29
205,7,13.338363927559444,2016-07-24,2016,29
206,1,22.712196316014932,2016-07-25,2016,30
207,2,13.075101447519835,2016-07-26,2016,30
208,3,13.928494106326678,2016-07-27,2016,30
209,4,26.334645185094086,2016-07-28,2016,30
210,5,18.056667674629573,2016-07-29,2016,30
211,6,21.283253860935165,2016-07-30,2016,30
212,7,21.459599103585656,2016-07-31,2016,30
213,1,16.04869741873805,2016-08-01,2016,31
214,2,16.289098671156275,2016-08-02,2016,31
215,3,8.003755364806867,2016-08-03,2016,31
216,4,12.206126318284158,2016-08-04,2016,31
217,5,9.507520792780038,2016-08-05,2016,31
218,6,8.805656424581006,2016-08-06,2016,31
219,7,10.397487185898237,2016-08-07,2016,31
220,1,37.17145757979567,2016-08-08,2016,32
221,2,24.127060920491438,2016-08-09,2016,32
222,3,17.539410087991076,2016-08-10,2016,32
223,4,13.758966914655538,2016-08-11,2016,32
224,5,19.963980690679538,2016-08-12,2016,32
225,6,14.866622864651774,2016-08-13,2016,32
226,7,11.725566505555207,2016-08-14,2016,32
227,1,13.654632607244706,2016-08-15,2016,33
228,2,14.377899384366644,2016-08-16,2016,33
229,3,10.225778863775199,2016-08-17,2016,33
230,4,16.278189100619006,2016-08-18,2016,33
231,5,19.760372356821403,2016-08-19,2016,33
232,6,21.494228270009938,2016-08-20,2016,33
233,7,17.21104270873413,2016-08-21,2016,33
234,1,10.01683072062219,2016-08-22,2016,34
235,2,2.0317220543806647,2016-08-23,2016,34
236,3,5.940416278347313,2016-08-24,2016,34
237,4,4.618029683014719,2016-08-25,2016,34
238,5,5.464557810690559,2016-08-26,2016,34
239,6,4.480609310639621,2016-08-27,2016,34
240,7,6.296795952782462,2016-08-28,2016,34
241,1,10.305257277636397,2016-08-29,2016,35
242,2,3.7675547888313847,2016-08-30,2016,35
243,3,3.5822531154111092,2016-08-31,2016,35
244,4,11.258002719070571,2016-09-01,2016,35
245,5,8.918119975262833,2016-09-02,2016,35
246,6,1.6434461432743515,2016-09-03,2016,35
247,7,-0.04711357883563322,2016-09-04,2016,35
248,1,2.478332563815052,2016-09-05,2016,36
249,2,5.232362750128271,2016-09-06,2016,36
250,3,5.767844315287664,2016-09-07,2016,36
251,4,2.763556926240041,2016-09-08,2016,36
252,5,3.5072324628776244,2016-09-09,2016,36
253,6,3.0604459124690337,2016-09-10,2016,36
254,7,2.9048801202064416,2016-09-11,2016,36
255,1,2.5715355337867347,2016-09-12,2016,37
256,2,4.190807437264335,2016-09-13,2016,37
257,3,2.3459373000639796,2016-09-14,2016,37
258,4,3.452421013273509,2016-09-15,2016,37
259,5,4.925463135645903,2016-09-16,2016,37
260,6,1.725948701351242,2016-09-17,2016,37
261,7,7.63486777668952,2016-09-18,2016,37
262,1,10.833416583416584,2016-09-19,2016,38
263,2,2.7403465507171134,2016-09-20,2016,38
264,3,11.820973685911941,2016-09-21,2016,38
265,4,8.890177736202059,2016-09-22,2016,38
266,5,4.92735520755655,2016-09-23,2016,38
267,6,3.9337056823700824,2016-09-24,2016,38
268,7,10.54180602006689,2016-09-25,2016,38
269,1,6.870126629655044,2016-09-26,2016,39
270,2,1.3395798210348853,2016-09-27,2016,39
271,3,5.142720184072607,2016-09-28,2016,39
272,4,10.318320944468736,2016-09-29,2016,39
273,5,12.127185013470333,2016-09-30,2016,39
274,6,2.7057534691227785,2016-10-01,2016,39
275,7,6.644891559968644,2016-10-02,2016,39
276,1,2.728447204968944,2016-10-03,2016,40
277,2,2.9420627222761073,2016-10-04,2016,40
278,3,1.9810904506775922,2016-10-05,2016,40
279,4,5.027322404371585,2016-10-06,2016,40
280,5,5.681252103668799,2016-10-07,2016,40
281,6,4.869738812177674,2016-10-08,2016,40
282,7,6.070159273397394,2016-10-09,2016,40
283,1,4.599096031205498,2016-10-10,2016,41
284,2,2.2877578389424613,2016-10-11,2016,41
285,3,3.2860648002516513,2016-10-12,2016,41
286,4,5.954837911408068,2016-10-13,2016,41
287,5,10.087230327971069,2016-10-14,2016,41
288,6,5.084378286546396,2016-10-15,2016,41
289,7,10.064444589394038,2016-10-16,2016,41
290,1,4.433622291021672,2016-10-17,2016,42
291,2,2.602731856769005,2016-10-18,2016,42
292,3,3.33706452018614,2016-10-19,2016,42
293,4,7.153250294354589,2016-10-20,2016,42
294,5,7.789065889791112,2016-10-21,2016,42
295,6,2.4375300721732156,2016-10-22,2016,42
296,7,6.270129531992449,2016-10-23,2016,42
297,1,10.536735591728993,2016-10-24,2016,43
298,2,5.784380305602716,2016-10-25,2016,43
299,3,3.7396786788708956,2016-10-26,2016,43
300,4,7.884809889492415,2016-10-27,2016,43
301,5,11.657303370786517,2016-10-28,2016,43
302,6,1.4401173211666938,2016-10-29,2016,43
303,7,10.624447015585654,2016-10-30,2016,43
304,1,2.217985710359989,2016-10-31,2016,44
305,2,1.9836303630363037,2016-11-01,2016,44
306,3,4.507143323113054,2016-11-02,2016,44
307,4,4.6789282759498505,2016-11-03,2016,44
308,5,8.030301133162212,2016-11-04,2016,44
309,6,0.9833933246073299,2016-11-05,2016,44
310,7,5.008441342638751,2016-11-06,2016,44
311,1,5.102831789116534,2016-11-07,2016,45
312,2,-0.1567169463918986,2016-11-08,2016,45
313,3,3.466098460755629,2016-11-09,2016,45
314,4,4.256936667910912,2016-11-10,2016,45
315,5,5.739265712507779,2016-11-11,2016,45
316,6,0.6676231860293514,2016-11-12,2016,45
317,7,2.7659183405540237,2016-11-13,2016,45
318,1,6.0293491864831035,2016-11-14,2016,46
319,2,8.158154005703915,2016-11-15,2016,46
320,3,1.410893606203127,2016-11-16,2016,46
321,4,7.2291316526610645,2016-11-17,2016,46
322,5,8.793067096614163,2016-11-18,2016,46
323,6,6.7077401789187086,2016-11-19,2016,46
324,7,8.101558228540187,2016-11-20,2016,46
325,1,7.010963568266939,2016-11-21,2016,47
326,2,6.655039494470774,2016-11-22,2016,47
327,3,4.001228124040528,2016-11-23,2016,47
328,4,-0.5277352129941771,2016-11-24,2016,47
329,5,-1.069754283866796,2016-11-25,2016,47
330,6,4.119459149180432,2016-11-26,2016,47
331,7,9.061445287234669,2016-11-27,2016,47
332,1,11.26310037039286,2016-11-28,2016,48
333,2,8.253084404987272,2016-11-29,2016,48
334,3,8.823598742797277,2016-11-30,2016,48
335,4,3.4983848042382735,2016-12-01,2016,48
336,5,3.781005875137194,2016-12-02,2016,48
337,6,2.2317115551694178,2016-12-03,2016,48
338,7,11.933393526878733,2016-12-04,2016,48
339,1,11.607624055208676,2016-12-05,2016,49
340,2,4.723478142448591,2016-12-06,2016,49
341,3,5.365132015390739,2016-12-07,2016,49
342,4,9.715997135230158,2016-12-08,2016,49
343,5,9.648256570387717,2016-12-09,2016,49
344,6,6.63734432555692,2016-12-10,2016,49
345,7,13.949505389044736,2016-12-11,2016,49
346,1,11.50088576865035,2016-12-12,2016,50
347,2,4.722778303800893,2016-12-13,2016,50
348,3,7.416893371375489,2016-12-14,2016,50
349,4,21.54149915704837,2016-12-15,2016,50
350,5,24.332637348297013,2016-12-16,2016,50
351,6,60.4498706592459,2016-12-17,2016,50
352,7,41.92878317334839,2016-12-18,2016,50
353,1,18.926758711374095,2016-12-19,2016,51
354,2,13.948627910001301,2016-12-20,2016,51
355,3,13.402832465388036,2016-12-21,2016,51
356,4,16.138217000691085,2016-12-22,2016,51
357,5,17.081628799798604,2016-12-23,2016,51
358,6,8.553533998490819,2016-12-24,2016,51
359,7,7.089130434782609,2016-12-25,2016,51
360,1,18.797549886334934,2016-12-26,2016,52
361,2,13.035620218236549,2016-12-27,2016,52
362,3,8.748633536470441,2016-12-28,2016,52
363,4,9.964954453441296,2016-12-29,2016,52
364,5,8.05069676524371,2016-12-30,2016,52
365,6,3.781195444342838,2016-12-31,2016,52
0,7,11.770965417867435,2017-01-01,2017,52
1,1,25.05978120978121,2017-01-02,2017,1
2,2,18.463170456805674,2017-01-03,2017,1
3,3,13.411623108665749,2017-01-04,2017,1
4,4,17.573459393279826,2017-01-05,2017,1
5,5,16.623376623376622,2017-01-06,2017,1
6,6,38.7968970380818,2017-01-07,2017,1
7,7,27.755276123244357,2017-01-08,2017,1
8,1,20.585226137347632,2017-01-09,2017,2
9,2,17.235468816291895,2017-01-10,2017,2
10,3,9.969072164948454,2017-01-11,2017,2
11,4,13.255604208875237,2017-01-12,2017,2
12,5,8.163897972531066,2017-01-13,2017,2
13,6,5.908068201792934,2017-01-14,2017,2
14,7,6.344215481978853,2017-01-15,2017,2
15,1,9.249566493263972,2017-01-16,2017,3
16,2,3.3329185676759296,2017-01-17,2017,3
17,3,6.783384405856316,2017-01-18,2017,3
18,4,7.038941522378308,2017-01-19,2017,3
19,5,11.355916655746299,2017-01-20,2017,3
20,6,10.495830496936692,2017-01-21,2017,3
21,7,30.400449535962878,2017-01-22,2017,3
22,1,19.15077336919973,2017-01-23,2017,4
23,2,4.407087593257806,2017-01-24,2017,4
24,3,1.584104260922412,2017-01-25,2017,4
25,4,3.2008980866848886,2017-01-26,2017,4
26,5,4.451426343492105,2017-01-27,2017,4
27,6,0.10648030495552732,2017-01-28,2017,4
28,7,11.341525967086984,2017-01-29,2017,4
29,1,3.703508309153258,2017-01-30,2017,5
30,2,3.7822440917596505,2017-01-31,2017,5
31,3,5.962243724203262,2017-02-01,2017,5
32,4,5.148235294117647,2017-02-02,2017,5
33,5,6.665819485174324,2017-02-03,2017,5
34,6,0.9170471186148678,2017-02-04,2017,5
35,7,2.0161367249602544,2017-02-05,2017,5
36,1,12.501194901752523,2017-02-06,2017,6
37,2,7.227788541378356,2017-02-07,2017,6
38,3,10.774220145664422,2017-02-08,2017,6
39,4,12.81072435067408,2017-02-09,2017,6
40,5,11.260445955665991,2017-02-10,2017,6
41,6,5.359543918918919,2017-02-11,2017,6
42,7,7.4044213263979195,2017-02-12,2017,6
43,1,6.6795096322241685,2017-02-13,2017,7
44,2,1.56978641878947,2017-02-14,2017,7
45,3,3.8143289606458124,2017-02-15,2017,7
46,4,6.760764936148367,2017-02-16,2017,7
47,5,13.26868700091635,2017-02-17,2017,7
48,6,11.95559034357749,2017-02-18,2017,7
49,7,3.3686916917652243,2017-02-19,2017,7
50,1,11.272885060426844,2017-02-20,2017,8
51,2,3.217349179692546,2017-02-21,2017,8
52,3,4.9374476043077316,2017-02-22,2017,8
53,4,5.631944002545339,2017-02-23,2017,8
54,5,8.819908814589665,2017-02-24,2017,8
55,6,11.127263984612918,2017-02-25,2017,8
56,7,5.301359669891091,2017-02-26,2017,8
57,1,4.978177885227129,2017-02-27,2017,9
58,2,6.667990994570256,2017-02-28,2017,9
59,3,13.307204912143185,2017-03-01,2017,9
60,4,10.777033065236818,2017-03-02,2017,9
61,5,8.355945025847939,2017-03-03,2017,9
62,6,3.482480644903823,2017-03-04,2017,9
63,7,7.7441235728676965,2017-03-05,2017,9
64,1,11.656246012504784,2017-03-06,2017,10
65,2,7.352477183833116,2017-03-07,2017,10
66,3,5.876416,2017-03-08,2017,10
67,4,6.560507601765571,2017-03-09,2017,10
68,5,14.252484357747516,2017-03-10,2017,10
69,6,7.9598168870803665,2017-03-11,2017,10
70,7,13.70389181639261,2017-03-12,2017,10
71,1,17.855590468709085,2017-03-13,2017,11
72,2,17.157139280647584,2017-03-14,2017,11
73,3,11.20679850071087,2017-03-15,2017,11
74,4,8.246065982137432,2017-03-16,2017,11
75,5,7.602509699321048,2017-03-17,2017,11
76,6,7.397051383970513,2017-03-18,2017,11
77,7,7.300708143651998,2017-03-19,2017,11
78,1,6.367388238179923,2017-03-20,2017,12
79,2,2.807395800689439,2017-03-21,2017,12
80,3,5.600185586142901,2017-03-22,2017,12
81,4,5.4392359005457855,2017-03-23,2017,12
82,5,12.06152248289345,2017-03-24,2017,12
83,6,5.195176385889129,2017-03-25,2017,12
84,7,8.0219084404483,2017-03-26,2017,12
85,1,8.367334473491328,2017-03-27,2017,13
86,2,10.01974308675568,2017-03-28,2017,13
87,3,6.937628002234221,2017-03-29,2017,13
88,4,12.498561195126431,2017-03-30,2017,13
89,5,16.960354047575144,2017-03-31,2017,13
90,6,7.613001260099326,2017-04-01,2017,13
91,7,13.252861802135959,2017-04-02,2017,13
92,1,22.258783575177524,2017-04-03,2017,14
93,2,13.403910649876606,2017-04-04,2017,14
94,3,26.24635539133356,2017-04-05,2017,14
95,4,44.8746642793196,2017-04-06,2017,14
96,5,31.519706691109075,2017-04-07,2017,14
97,6,19.86481098075301,2017-04-08,2017,14
98,7,13.513086291785436,2017-04-09,2017,14
99,1,11.682673267326733,2017-04-10,2017,15
100,2,6.315051181599899,2017-04-11,2017,15
101,3,4.15833906572447,2017-04-12,2017,15
102,4,5.630573248407643,2017-04-13,2017,15
103,5,2.2636709171162335,2017-04-14,2017,15
104,6,0.8447790706517606,2017-04-15,2017,15
105,7,1.2035468501852833,2017-04-16,2017,15
106,1,11.837058932200259,2017-04-17,2017,16
107,2,4.9788076971450135,2017-04-18,2017,16
108,3,4.6426653344157875,2017-04-19,2017,16
109,4,10.942216472617508,2017-04-20,2017,16
110,5,10.811412110811473,2017-04-21,2017,16
111,6,5.853000523129811,2017-04-22,2017,16
112,7,9.350894182968558,2017-04-23,2017,16
113,1,10.887162412134666,2017-04-24,2017,17
114,2,9.803372939823687,2017-04-25,2017,17
115,3,12.318285137012248,2017-04-26,2017,17
116,4,11.684372689179197,2017-04-27,2017,17
117,5,9.210881019482906,2017-04-28,2017,17
118,6,9.495455257796584,2017-04-29,2017,17
119,7,18.223429873088186,2017-04-30,2017,17
120,1,14.996831510934394,2017-05-01,2017,18
121,2,4.951623089554124,2017-05-02,2017,18
122,3,10.153972568105683,2017-05-03,2017,18
123,4,9.692569238377844,2017-05-04,2017,18
124,5,21.149056369505836,2017-05-05,2017,18
125,6,7.6465841850457235,2017-05-06,2017,18
126,7,9.263449163449163,2017-05-07,2017,18
127,1,7.3008773544389225,2017-05-08,2017,19
128,2,5.6674967316192495,2017-05-09,2017,19
129,3,6.386722866174921,2017-05-10,2017,19
130,4,11.135633733758274,2017-05-11,2017,19
131,5,7.585129704055535,2017-05-12,2017,19
132,6,7.970056144728634,2017-05-13,2017,19
133,7,3.917285817607995,2017-05-14,2017,19
134,1,6.874702616970658,2017-05-15,2017,20
135,2,6.559694067902003,2017-05-16,2017,20
136,3,10.676928806405561,2017-05-17,2017,20
137,4,12.544921995436887,2017-05-18,2017,20
138,5,16.325905122412845,2017-05-19,2017,20
139,6,11.951643804122922,2017-05-20,2017,20
140,7,16.96221322537112,2017-05-21,2017,20
141,1,17.310121107266436,2017-05-22,2017,21
142,2,9.678748758689176,2017-05-23,2017,21
143,3,16.599506325208267,2017-05-24,2017,21
144,4,23.53558006284271,2017-05-25,2017,21
145,5,13.468736681887366,2017-05-26,2017,21
146,6,5.661557710353456,2017-05-27,2017,21
147,7,7.423228645122136,2017-05-28,2017,21
148,1,8.77684725890614,2017-05-29,2017,22
149,2,12.914285714285715,2017-05-30,2017,22
150,3,7.1845139017323225,2017-05-31,2017,22
151,4,8.61189663578742,2017-06-01,2017,22
152,5,10.028485665278119,2017-06-02,2017,22
153,6,9.274349047293708,2017-06-03,2017,22
154,7,16.291574629220573,2017-06-04,2017,22
155,1,17.524963820549928,2017-06-05,2017,23
156,2,19.463198126001725,2017-06-06,2017,23
157,3,12.482764965652601,2017-06-07,2017,23
158,4,11.03410176779742,2017-06-08,2017,23
159,5,11.939444312514842,2017-06-09,2017,23
160,6,3.2982952535898704,2017-06-10,2017,23
161,7,9.941114939699728,2017-06-11,2017,23
162,1,9.961452579621577,2017-06-12,2017,24
163,2,12.837713808927827,2017-06-13,2017,24
164,3,21.71098230628432,2017-06-14,2017,24
165,4,22.254591134772987,2017-06-15,2017,24
166,5,19.071200850159403,2017-06-16,2017,24
167,6,11.48564692830398,2017-06-17,2017,24
168,7,14.444010018938236,2017-06-18,2017,24
169,1,33.63798570096363,2017-06-19,2017,25
170,2,16.258320794462836,2017-06-20,2017,25
171,3,12.191542288557214,2017-06-21,2017,25
172,4,10.080727486066294,2017-06-22,2017,25
173,5,15.89712904556977,2017-06-23,2017,25
174,6,15.744065691415953,2017-06-24,2017,25
175,7,8.268673895922943,2017-06-25,2017,25
176,1,6.13979250923158,2017-06-26,2017,26
177,2,10.565240546777916,2017-06-27,2017,26
178,3,10.377883190038542,2017-06-28,2017,26
179,4,9.45974192795002,2017-06-29,2017,26
180,5,16.579588506149094,2017-06-30,2017,26
181,6,20.350675441634916,2017-07-01,2017,26
182,7,5.7098836035793585,2017-07-02,2017,26
183,1,2.727525744503201,2017-07-03,2017,27
184,2,1.538942137025204,2017-07-04,2017,27
185,3,10.022714948484666,2017-07-05,2017,27
186,4,6.071094592974464,2017-07-06,2017,27
187,5,13.19825317061498,2017-07-07,2017,27
188,6,8.806945583811867,2017-07-08,2017,27
189,7,7.9741280989255054,2017-07-09,2017,27
190,1,24.184174543725106,2017-07-10,2017,28
191,2,15.399669304358095,2017-07-11,2017,28
192,3,24.923649225515305,2017-07-12,2017,28
193,4,19.668911733427862,2017-07-13,2017,28
194,5,22.88314540059347,2017-07-14,2017,28
195,6,14.857034378020158,2017-07-15,2017,28
196,7,8.692414291739471,2017-07-16,2017,28
197,1,18.774622214382312,2017-07-17,2017,29
198,2,11.142092257001648,2017-07-18,2017,29
199,3,10.263037618656979,2017-07-19,2017,29
200,4,17.29713849227334,2017-07-20,2017,29
201,5,17.099070478879867,2017-07-21,2017,29
202,6,13.697337401192623,2017-07-22,2017,29
203,7,20.22433784938362,2017-07-23,2017,29
204,1,21.773748964864545,2017-07-24,2017,30
205,2,11.146360108197108,2017-07-25,2017,30
206,3,7.652461899179367,2017-07-26,2017,30
207,4,9.94798091469801,2017-07-27,2017,30
208,5,16.74311069593648,2017-07-28,2017,30
209,6,8.146998355263158,2017-07-29,2017,30
210,7,7.747539015606242,2017-07-30,2017,30
211,1,6.306935305421301,2017-07-31,2017,31
212,2,7.633019976498237,2017-08-01,2017,31
213,3,18.65199224900085,2017-08-02,2017,31
214,4,27.099167069048768,2017-08-03,2017,31
215,5,25.5968814214916,2017-08-04,2017,31
216,6,13.936813940724479,2017-08-05,2017,31
217,7,12.278742062292107,2017-08-06,2017,31
218,1,18.43282348077718,2017-08-07,2017,32
219,2,8.865304199305024,2017-08-08,2017,32
220,3,7.061988579501972,2017-08-09,2017,32
221,4,13.389233469865419,2017-08-10,2017,32
222,5,13.976133231689438,2017-08-11,2017,32
223,6,10.290668305003754,2017-08-12,2017,32
224,7,8.8846037781399,2017-08-13,2017,32
225,1,11.915971324479962,2017-08-14,2017,33
226,2,10.879740307020205,2017-08-15,2017,33
227,3,8.173419773095624,2017-08-16,2017,33
228,4,10.104358138155945,2017-08-17,2017,33
229,5,19.339239438317364,2017-08-18,2017,33
230,6,7.394633273703041,2017-08-19,2017,33
231,7,8.996288047512992,2017-08-20,2017,33
232,1,14.417154461832517,2017-08-21,2017,34
233,2,11.500030988534242,2017-08-22,2017,34
234,3,7.792507552870091,2017-08-23,2017,34
235,4,7.178358742258218,2017-08-24,2017,34
236,5,5.644718792866941,2017-08-25,2017,34
237,6,3.555495145631068,2017-08-26,2017,34
238,7,6.567925688136056,2017-08-27,2017,34
239,1,8.44916844625639,2017-08-28,2017,35
240,2,4.34468791500664,2017-08-29,2017,35
241,3,3.593954462182675,2017-08-30,2017,35
242,4,6.427091327705296,2017-08-31,2017,35
243,5,7.791608568893396,2017-09-01,2017,35
244,6,2.665267752224274,2017-09-02,2017,35
245,7,0.6692194883493564,2017-09-03,2017,35
246,1,5.9579390797148415,2017-09-04,2017,36
247,2,11.663561144048472,2017-09-05,2017,36
248,3,6.702264278472457,2017-09-06,2017,36
249,4,9.843552073130917,2017-09-07,2017,36
250,5,14.536283067901646,2017-09-08,2017,36
251,6,1.6969724520410947,2017-09-09,2017,36
252,7,1.260452313643803,2017-09-10,2017,36
253,1,6.464762191904726,2017-09-11,2017,37
254,2,1.9954907348693018,2017-09-12,2017,37
255,3,6.943044619422572,2017-09-13,2017,37
256,4,10.271700468018722,2017-09-14,2017,37
257,5,4.245280690931524,2017-09-15,2017,37
258,6,1.2311445253139246,2017-09-16,2017,37
259,7,7.131629887727449,2017-09-17,2017,37
260,1,9.253697453206506,2017-09-18,2017,38
261,2,6.491029943211151,2017-09-19,2017,38
262,3,5.977579048227404,2017-09-20,2017,38
263,4,6.7330701862587885,2017-09-21,2017,38
264,5,5.962396745160893,2017-09-22,2017,38
265,6,-0.18908303943571658,2017-09-23,2017,38
266,7,6.789979231568017,2017-09-24,2017,38
267,1,3.099071968532973,2017-09-25,2017,39
268,2,0.09925830377297645,2017-09-26,2017,39
269,3,0.13937082936129647,2017-09-27,2017,39
270,4,3.0298415817266364,2017-09-28,2017,39
271,5,3.5564704436524517,2017-09-29,2017,39
272,6,1.5837497984846043,2017-09-30,2017,39
273,7,4.060093957979904,2017-10-01,2017,39
274,1,4.250153657037492,2017-10-02,2017,40
275,2,3.440992183967444,2017-10-03,2017,40
276,3,2.2364877678740753,2017-10-04,2017,40
277,4,4.4400757066976,2017-10-05,2017,40
278,5,7.122753205324827,2017-10-06,2017,40
279,6,3.5346273664030674,2017-10-07,2017,40
280,7,8.792773296609614,2017-10-08,2017,40
281,1,17.95873094559425,2017-10-09,2017,41
282,2,3.9086501658586372,2017-10-10,2017,41
283,3,7.195650799671282,2017-10-11,2017,41
284,4,9.746918145956608,2017-10-12,2017,41
285,5,8.761593487913172,2017-10-13,2017,41
286,6,11.965359266998874,2017-10-14,2017,41
287,7,8.5623828907411,2017-10-15,2017,41
288,1,4.759372702768929,2017-10-16,2017,42
289,2,3.302395209580838,2017-10-17,2017,42
290,3,3.7114708835341363,2017-10-18,2017,42
291,4,8.408195914349003,2017-10-19,2017,42
292,5,7.672185430463577,2017-10-20,2017,42
293,6,1.861461556772197,2017-10-21,2017,42
294,7,8.314568252326783,2017-10-22,2017,42
295,1,10.215128425709722,2017-10-23,2017,43
296,2,12.176916985614358,2017-10-24,2017,43
297,3,4.335894480727366,2017-10-25,2017,43
298,4,7.51206959931381,2017-10-26,2017,43
299,5,6.331716303346638,2017-10-27,2017,43
300,6,3.0460447701744604,2017-10-28,2017,43
301,7,10.14084029050431,2017-10-29,2017,43
302,1,8.055451188702468,2017-10-30,2017,44
303,2,-0.3781118881118881,2017-10-31,2017,44
304,3,1.7868212006771715,2017-11-01,2017,44
305,4,2.0745325922182922,2017-11-02,2017,44
306,5,9.436704834605598,2017-11-03,2017,44
307,6,2.8567211806940565,2017-11-04,2017,44
308,7,14.895581255431512,2017-11-05,2017,44
309,1,6.566732496655412,2017-11-06,2017,45
310,2,3.358959078267779,2017-11-07,2017,45
311,3,4.060151340259074,2017-11-08,2017,45
312,4,5.918858560794044,2017-11-09,2017,45
313,5,9.33828003725551,2017-11-10,2017,45
314,6,1.3546376927378765,2017-11-11,2017,45
315,7,2.990047485851818,2017-11-12,2017,45
316,1,6.470874391917176,2017-11-13,2017,46
317,2,0.6534794733770024,2017-11-14,2017,46
318,3,2.5758908650474917,2017-11-15,2017,46
319,4,7.590283802205973,2017-11-16,2017,46
320,5,7.023971136794472,2017-11-17,2017,46
321,6,5.957918382628229,2017-11-18,2017,46
322,7,5.350030175015087,2017-11-19,2017,46
323,1,3.816231960810274,2017-11-20,2017,47
324,2,3.261879015329814,2017-11-21,2017,47
325,3,2.3587556755430112,2017-11-22,2017,47
326,4,-0.13634977122521608,2017-11-23,2017,47
327,5,-1.3882469461868603,2017-11-24,2017,47
328,6,1.0012883277505797,2017-11-25,2017,47
329,7,10.040407631235928,2017-11-26,2017,47
330,1,3.650292679983103,2017-11-27,2017,48
331,2,0.9959035348529898,2017-11-28,2017,48
332,3,0.029320682611846872,2017-11-29,2017,48
333,4,0.5934964543537979,2017-11-30,2017,48
334,5,1.047746371275783,2017-12-01,2017,48
335,6,-1.6957455596860802,2017-12-02,2017,48
336,7,2.2242744063324538,2017-12-03,2017,48
337,1,4.099889874975708,2017-12-04,2017,49
338,2,3.5706404736275563,2017-12-05,2017,49
339,3,0.42415471648467307,2017-12-06,2017,49
340,4,6.1386632555164695,2017-12-07,2017,49
341,5,17.093331492475492,2017-12-08,2017,49
342,6,15.537617554858935,2017-12-09,2017,49
343,7,4.569010062550992,2017-12-10,2017,49
344,1,5.545366733208835,2017-12-11,2017,50
345,2,4.239209358612344,2017-12-12,2017,50
346,3,8.592516692007669,2017-12-13,2017,50
347,4,10.56655792234376,2017-12-14,2017,50
348,5,15.72121364407312,2017-12-15,2017,50
349,6,5.914441068287222,2017-12-16,2017,50
350,7,7.1537242472266245,2017-12-17,2017,50
351,1,9.388974755280783,2017-12-18,2017,51
352,2,10.506641000962464,2017-12-19,2017,51
353,3,11.791240509506181,2017-12-20,2017,51
354,4,9.869494798480035,2017-12-21,2017,51
355,5,10.32486556647506,2017-12-22,2017,51
356,6,17.64210455674116,2017-12-23,2017,51
357,7,12.494182389937107,2017-12-24,2017,51
358,1,14.179817372980567,2017-12-25,2017,52
359,2,16.88155668358714,2017-12-26,2017,52
360,3,17.328528453246427,2017-12-27,2017,52
361,4,14.38593287576349,2017-12-28,2017,52
362,5,15.888337624819444,2017-12-29,2017,52
363,6,19.698088999932473,2017-12-30,2017,52
364,7,16.056873502820494,2017-12-31,2017,52
0,1,20.941229964760716,2018-01-01,2018,1
1,2,17.111609875535606,2018-01-02,2018,1
2,3,12.904042864101315,2018-01-03,2018,1
3,4,9.175472801715735,2018-01-04,2018,1
4,5,18.539014202172098,2018-01-05,2018,1
5,6,14.779803556525646,2018-01-06,2018,1
6,7,17.826178633217992,2018-01-07,2018,1
7,1,18.996503308408197,2018-01-08,2018,2
8,2,12.063441580180783,2018-01-09,2018,2
9,3,5.20781317262161,2018-01-10,2018,2
10,4,10.102382822728464,2018-01-11,2018,2
11,5,26.179965401665044,2018-01-12,2018,2
12,6,8.809004281176634,2018-01-13,2018,2
13,7,3.9679086538461537,2018-01-14,2018,2
14,1,13.774938653579431,2018-01-15,2018,3
15,2,9.906401002207241,2018-01-16,2018,3
16,3,26.288842357164224,2018-01-17,2018,3
17,4,9.722813238770685,2018-01-18,2018,3
18,5,3.3397548161120842,2018-01-19,2018,3
19,6,1.0797272665901574,2018-01-20,2018,3
20,7,6.7776389046699235,2018-01-21,2018,3
21,1,5.532368293601679,2018-01-22,2018,4
22,2,5.736833314775637,2018-01-23,2018,4
23,3,2.438326931284678,2018-01-24,2018,4
24,4,1.4324547377108372,2018-01-25,2018,4
25,5,0.6375474213062647,2018-01-26,2018,4
26,6,-0.4087232034515303,2018-01-27,2018,4
27,7,2.468432450441446,2018-01-28,2018,4
28,1,5.399022208352837,2018-01-29,2018,5
29,2,3.684201846965699,2018-01-30,2018,5
30,3,-0.7511444692856383,2018-01-31,2018,5
31,4,2.5729274343601407,2018-02-01,2018,5
32,5,7.697868396663577,2018-02-02,2018,5
33,6,1.026330150068213,2018-02-03,2018,5
34,7,15.768238182161516,2018-02-04,2018,5
35,1,11.415396867533847,2018-02-05,2018,6
36,2,3.2705375393624663,2018-02-06,2018,6
37,3,20.128547392035895,2018-02-07,2018,6
38,4,4.874633737965676,2018-02-08,2018,6
39,5,15.637855761260017,2018-02-09,2018,6
40,6,10.250546149645002,2018-02-10,2018,6
41,7,22.872657432196483,2018-02-11,2018,6
42,1,7.8761250715363404,2018-02-12,2018,7
43,2,1.4786587036326777,2018-02-13,2018,7
44,3,2.440899405629696,2018-02-14,2018,7
45,4,12.788735300185682,2018-02-15,2018,7
46,5,9.27251339039896,2018-02-16,2018,7
47,6,7.642687544118591,2018-02-17,2018,7
48,7,7.0527308043875685,2018-02-18,2018,7
49,1,11.392003255671991,2018-02-19,2018,8
50,2,18.59480089676524,2018-02-20,2018,8
51,3,11.323599709030448,2018-02-21,2018,8
52,4,14.566808596918086,2018-02-22,2018,8
53,5,11.541120321527254,2018-02-23,2018,8
54,6,10.109990545225338,2018-02-24,2018,8
55,7,10.050664540138225,2018-02-25,2018,8
56,1,5.3455771359565265,2018-02-26,2018,9
57,2,2.4355796540149757,2018-02-27,2018,9
58,3,3.975672084227742,2018-02-28,2018,9
59,4,12.743897456848126,2018-03-01,2018,9
60,5,15.512733247271447,2018-03-02,2018,9
61,6,10.820361205733017,2018-03-03,2018,9
62,7,8.023681835076728,2018-03-04,2018,9
63,1,11.539846278317151,2018-03-05,2018,10
64,2,4.337006663249616,2018-03-06,2018,10
65,3,4.894509668508287,2018-03-07,2018,10
66,4,7.305512285814783,2018-03-08,2018,10
67,5,6.100209480196814,2018-03-09,2018,10
68,6,4.6483490841208726,2018-03-10,2018,10
69,7,7.96296483172713,2018-03-11,2018,10
70,1,6.890318446219068,2018-03-12,2018,11
71,2,7.047567858102661,2018-03-13,2018,11
72,3,7.9035868862245655,2018-03-14,2018,11
73,4,7.553806539377156,2018-03-15,2018,11
74,5,8.861240535818288,2018-03-16,2018,11
75,6,3.809986049755871,2018-03-17,2018,11
76,7,5.349086516684282,2018-03-18,2018,11
77,1,5.486567018366549,2018-03-19,2018,12
78,2,12.474606227582264,2018-03-20,2018,12
79,3,11.083783452000983,2018-03-21,2018,12
80,4,13.96670844823264,2018-03-22,2018,12
81,5,7.389756523426133,2018-03-23,2018,12
82,6,5.100478468899522,2018-03-24,2018,12
83,7,4.082934930300437,2018-03-25,2018,12
84,1,3.491222097942907,2018-03-26,2018,13
85,2,5.487161306659914,2018-03-27,2018,13
86,3,7.958590176973553,2018-03-28,2018,13
87,4,9.257294558916655,2018-03-29,2018,13
88,5,6.705888077858881,2018-03-30,2018,13
89,6,3.75968351440718,2018-03-31,2018,13
90,7,3.437030944792845,2018-04-01,2018,13
91,1,16.03010581747727,2018-04-02,2018,14
92,2,16.917362904450858,2018-04-03,2018,14
93,3,15.801805017336324,2018-04-04,2018,14
94,4,6.056368960468522,2018-04-05,2018,14
95,5,14.613798885436701,2018-04-06,2018,14
96,6,6.6961739543726235,2018-04-07,2018,14
97,7,6.049709815796114,2018-04-08,2018,14
98,1,7.461389494069232,2018-04-09,2018,15
99,2,6.607703927492447,2018-04-10,2018,15
100,3,1.8853493762019824,2018-04-11,2018,15
101,4,3.8902297740876617,2018-04-12,2018,15
102,5,8.241113801452785,2018-04-13,2018,15
103,6,8.458986233584978,2018-04-14,2018,15
104,7,23.54968633032843,2018-04-15,2018,15
105,1,27.0481728407439,2018-04-16,2018,16
106,2,7.964927418536189,2018-04-17,2018,16
107,3,4.344390292420927,2018-04-18,2018,16
108,4,7.960127591706539,2018-04-19,2018,16
109,5,5.391040462427745,2018-04-20,2018,16
110,6,4.339893973554323,2018-04-21,2018,16
111,7,6.345853683097528,2018-04-22,2018,16
112,1,5.267941190741909,2018-04-23,2018,17
113,2,3.3441436883379714,2018-04-24,2018,17
114,3,9.713270500478806,2018-04-25,2018,17
115,4,5.860898615280333,2018-04-26,2018,17
116,5,8.71763683753258,2018-04-27,2018,17
117,6,3.8058181818181818,2018-04-28,2018,17
118,7,3.495733360104407,2018-04-29,2018,17
119,1,3.772911832946636,2018-04-30,2018,18
120,2,2.0633281273615798,2018-05-01,2018,18
121,3,6.9304505594194135,2018-05-02,2018,18
122,4,19.683229197659426,2018-05-03,2018,18
123,5,8.300285341200368,2018-05-04,2018,18
124,6,2.9433939467166073,2018-05-05,2018,18
125,7,5.617479512292625,2018-05-06,2018,18
126,1,2.9952812018489983,2018-05-07,2018,19
127,2,2.7012779552715656,2018-05-08,2018,19
128,3,10.224878484277353,2018-05-09,2018,19
129,4,14.15696854795586,2018-05-10,2018,19
130,5,7.628875409204698,2018-05-11,2018,19
131,6,5.332435905280549,2018-05-12,2018,19
132,7,7.120976463923366,2018-05-13,2018,19
133,1,21.611646645904393,2018-05-14,2018,20
134,2,21.751221305878026,2018-05-15,2018,20
135,3,18.31655509135753,2018-05-16,2018,20
136,4,14.951117116247648,2018-05-17,2018,20
137,5,11.8,2018-05-18,2018,20
138,6,9.49146716516915,2018-05-19,2018,20
139,7,21.309391707858367,2018-05-20,2018,20
140,1,14.437119969114951,2018-05-21,2018,21
141,2,11.707544814500425,2018-05-22,2018,21
142,3,8.162335437772231,2018-05-23,2018,21
143,4,8.050274266634867,2018-05-24,2018,21
144,5,9.672212423130095,2018-05-25,2018,21
145,6,5.3247189638318675,2018-05-26,2018,21
146,7,7.644747873996886,2018-05-27,2018,21
147,1,7.08931200812389,2018-05-28,2018,22
148,2,8.845881310894598,2018-05-29,2018,22
149,3,13.994175140685162,2018-05-30,2018,22
150,4,17.344933769978983,2018-05-31,2018,22
151,5,20.19096499297923,2018-06-01,2018,22
152,6,10.96597776166304,2018-06-02,2018,22
153,7,9.58828531412565,2018-06-03,2018,22
154,1,9.818408796274067,2018-06-04,2018,23
155,2,4.434183999606629,2018-06-05,2018,23
156,3,5.310017984737277,2018-06-06,2018,23
157,4,10.766519409718958,2018-06-07,2018,23
158,5,11.889142484512552,2018-06-08,2018,23
159,6,16.11815134362807,2018-06-09,2018,23
160,7,18.03337699510018,2018-06-10,2018,23
161,1,12.788685369812196,2018-06-11,2018,24
162,2,6.06975978940441,2018-06-12,2018,24
163,3,8.164864991342599,2018-06-13,2018,24
164,4,8.483388782156412,2018-06-14,2018,24
165,5,10.283442203919341,2018-06-15,2018,24
166,6,9.681755829903977,2018-06-16,2018,24
167,7,13.232798556590433,2018-06-17,2018,24
168,1,12.725006016847171,2018-06-18,2018,25
169,2,20.517445654902353,2018-06-19,2018,25
170,3,16.0395774580565,2018-06-20,2018,25
171,4,15.432653821092805,2018-06-21,2018,25
172,5,15.81122401847575,2018-06-22,2018,25
173,6,10.276066608619939,2018-06-23,2018,25
174,7,18.44883866917765,2018-06-24,2018,25
175,1,18.390497401633258,2018-06-25,2018,26
176,2,19.806001936108423,2018-06-26,2018,26
177,3,10.781606508322424,2018-06-27,2018,26
178,4,26.526724339490297,2018-06-28,2018,26
179,5,10.428025066814119,2018-06-29,2018,26
180,6,9.581239352640544,2018-06-30,2018,26
181,7,10.144094847241222,2018-07-01,2018,26
182,1,8.792322279739635,2018-07-02,2018,27
183,2,8.206982969755654,2018-07-03,2018,27
184,3,5.7886945621679695,2018-07-04,2018,27
185,4,10.504514730922038,2018-07-05,2018,27
186,5,15.489509095439821,2018-07-06,2018,27
187,6,6.274884569955976,2018-07-07,2018,27
188,7,7.553490351872871,2018-07-08,2018,27
189,1,11.361001196282322,2018-07-09,2018,28
190,2,9.501426633612423,2018-07-10,2018,28
191,3,7.042924615669569,2018-07-11,2018,28
192,4,12.3756618671621,2018-07-12,2018,28
193,5,7.2585741105361965,2018-07-13,2018,28
194,6,7.191622247348302,2018-07-14,2018,28
195,7,19.02915352898375,2018-07-15,2018,28
196,1,17.76008678792355,2018-07-16,2018,29
197,2,21.080562659846546,2018-07-17,2018,29
198,3,9.07199554379613,2018-07-18,2018,29
199,4,13.148601558917928,2018-07-19,2018,29
200,5,19.269175907605945,2018-07-20,2018,29
201,6,14.041459727920536,2018-07-21,2018,29
202,7,21.063412518672,2018-07-22,2018,29
203,1,27.30262399077278,2018-07-23,2018,30
204,2,20.7820568505381,2018-07-24,2018,30
205,3,17.656719236944,2018-07-25,2018,30
206,4,12.59072293037596,2018-07-26,2018,30
207,5,19.08552473438777,2018-07-27,2018,30
208,6,12.374308643314174,2018-07-28,2018,30
209,7,15.673914073231964,2018-07-29,2018,30
210,1,12.686765316000553,2018-07-30,2018,31
211,2,18.64357599699022,2018-07-31,2018,31
212,3,17.923680523120037,2018-08-01,2018,31
213,4,27.546850998463903,2018-08-02,2018,31
214,5,27.225106320574863,2018-08-03,2018,31
215,6,13.014999726282367,2018-08-04,2018,31
216,7,8.446340538490709,2018-08-05,2018,31
217,1,12.092530298142943,2018-08-06,2018,32
218,2,18.923047007923778,2018-08-07,2018,32
219,3,22.151932756682793,2018-08-08,2018,32
220,4,20.783916541916167,2018-08-09,2018,32
221,5,14.311748595831592,2018-08-10,2018,32
222,6,24.316931064320737,2018-08-11,2018,32
223,7,18.478177716751667,2018-08-12,2018,32
224,1,27.434611459396415,2018-08-13,2018,33
225,2,22.692247339773452,2018-08-14,2018,33
226,3,11.236390504337878,2018-08-15,2018,33
227,4,9.376781125905163,2018-08-16,2018,33
228,5,14.842778014486578,2018-08-17,2018,33
229,6,11.961737331954499,2018-08-18,2018,33
230,7,12.751291297144528,2018-08-19,2018,33
231,1,12.86657535540547,2018-08-20,2018,34
232,2,13.018831362416774,2018-08-21,2018,34
233,3,4.916061574208539,2018-08-22,2018,34
234,4,5.951201094907735,2018-08-23,2018,34
235,5,5.677532289350428,2018-08-24,2018,34
236,6,5.618427370948379,2018-08-25,2018,34
237,7,3.879220586047895,2018-08-26,2018,34
238,1,5.633959571938169,2018-08-27,2018,35
239,2,10.892168219592042,2018-08-28,2018,35
240,3,4.411534701857282,2018-08-29,2018,35
241,4,5.177896934611369,2018-08-30,2018,35
242,5,12.806177495584093,2018-08-31,2018,35
243,6,11.793564095814688,2018-09-01,2018,35
244,7,3.7125450702474203,2018-09-02,2018,35
245,1,14.449500102019996,2018-09-03,2018,36
246,2,4.872358885373074,2018-09-04,2018,36
247,3,4.67496294782031,2018-09-05,2018,36
248,4,11.062202892687367,2018-09-06,2018,36
249,5,13.203728898966995,2018-09-07,2018,36
250,6,3.47642194305915,2018-09-08,2018,36
251,7,7.885448605177181,2018-09-09,2018,36
252,1,7.95731442627695,2018-09-10,2018,37
253,2,3.2854039306825644,2018-09-11,2018,37
254,3,6.174652395718716,2018-09-12,2018,37
255,4,3.543673149463577,2018-09-13,2018,37
256,5,5.018460777035387,2018-09-14,2018,37
257,6,1.8076302369117552,2018-09-15,2018,37
258,7,7.729592629018065,2018-09-16,2018,37
259,1,4.3111324837701375,2018-09-17,2018,38
260,2,11.243021597392014,2018-09-18,2018,38
261,3,2.3077381543657496,2018-09-19,2018,38
262,4,11.223271193750898,2018-09-20,2018,38
263,5,13.054917234664071,2018-09-21,2018,38
264,6,7.281228583888854,2018-09-22,2018,38
265,7,4.759903720790292,2018-09-23,2018,38
266,1,3.7471665630529385,2018-09-24,2018,39
267,2,10.487075928917609,2018-09-25,2018,39
268,3,17.322544979394912,2018-09-26,2018,39
269,4,7.216892247357597,2018-09-27,2018,39
270,5,6.399809433063363,2018-09-28,2018,39
271,6,5.280285182889027,2018-09-29,2018,39
272,7,4.2392188362869625,2018-09-30,2018,39
